Redirect legacy URL to a new URL;/tgc/About%20Us/contactus.aspx;/contact-us
Redirect legacy URL to a new URL;/tgc/About%20Us/contactus.aspx?noscript=true;/contact-us
Redirect legacy URL to a new URL;/tgc/About%20Us/help.aspx;/contact-us
Redirect legacy URL to a new URL;/tgc/About%20Us/privacy.aspx;/privacy-policy
Redirect legacy URL to a new URL;/tgc/About%20Us/terms.aspx;/terms-conditions
Redirect legacy URL to a new URL;/tgc/About-Us/careers.aspx;/about-us/careers
Redirect legacy URL to a new URL;/tgc/About-Us/contactus.aspx;/contact-us
Redirect legacy URL to a new URL;/tgc/About-Us/contactus.aspx?noscript=true;/contact-us
Redirect legacy URL to a new URL;/tgc/About-Us/Ed-Leon.aspx;/about-us/ed-leon
Redirect legacy URL to a new URL;/tgc/About-Us/help.aspx;/contact-us
Redirect legacy URL to a new URL;/tgc/About-Us/home.aspx;/about-us
Redirect legacy URL to a new URL;/tgc/About-Us/Joseph-Peckl.aspx;/about-us/joseph-peckl
Redirect legacy URL to a new URL;/tgc/About-Us/Kevin-LeFew.aspx;/about-us/kevin-lefew
Redirect legacy URL to a new URL;/tgc/About-Us/OurApproach.aspx;/about-us
Redirect legacy URL to a new URL;/tgc/About-Us/OurCustomers.aspx;/about-us/customers
Redirect legacy URL to a new URL;/tgc/About-Us/OurHeritage.aspx;/about-us/heritage
Redirect legacy URL to a new URL;/tgc/About-Us/OurLifetimeGuarantee.aspx;/about-us/guarantee
Redirect legacy URL to a new URL;/tgc/About-Us/OurProfessors.aspx;/about-us/professors
Redirect legacy URL to a new URL;/tgc/About-Us/OurTeam.aspx;/about-us/team
Redirect legacy URL to a new URL;/tgc/About-Us/Paul-Suijk.aspx;/about-us/paul-suijk
Redirect legacy URL to a new URL;/tgc/About-Us/privacy.aspx;/privacy-policy
Redirect legacy URL to a new URL;/tgc/About-Us/Scott-Ableman.aspx;/about-us/scott-ableman
Redirect legacy URL to a new URL;/tgc/About-Us/Shana-Jackson.aspx;/about-us/shana-jackson
Redirect legacy URL to a new URL;/tgc/About-Us/terms.aspx;/terms-conditions
Redirect legacy URL to a new URL;/tgc/About-Us/Vanina-Delobelle.aspx;/about-us/vanina-delobelle
Redirect legacy URL to a new URL;/tgc/courses/courses.aspx;/courses
Redirect legacy URL to a new URL;/tgc/courses/courses_a_to_z.aspx;/courses
Redirect legacy URL to a new URL;/tgc/Courses/Podcast.aspx;/podcasts
Redirect legacy URL to a new URL;/tgc/courses/podcast.aspx;/podcasts
Redirect legacy URL to a new URL;/tgc/courses/Podcast.aspx;/podcasts
Redirect legacy URL to a new URL;/tgc/courses/recommendations.aspx;/courses
Redirect legacy URL to a new URL;/tgc/partners/nationalgeographic/default.aspx;/partners/national-geographic
Redirect legacy URL to a new URL;/tgc/NatGeo/Natgeo.aspx;/NatGeo
Redirect legacy URL to a new URL;/tgc/partners/culinary-institute-of-america/default.aspx;/partners/culinary-arts
Redirect legacy URL to a new URL;/tgc/professors/professors.aspx;/about-us/professors
Redirect legacy URL to a new URL;/tgc/professors/professorsbytopic.aspx;/about-us/professors
Redirect legacy URL to a new URL;/tgc/professors/professorsbytopic.aspx?id=A;/about-us/professors
Redirect legacy URL to a new URL;/tgc/professors/professorsbytopic.aspx?id=B;/about-us/professors
Redirect legacy URL to a new URL;/tgc/professors/professorsbytopic.aspx?id=C;/about-us/professors
Redirect legacy URL to a new URL;/tgc/professors/professorsbytopic.aspx?id=D;/about-us/professors
Redirect legacy URL to a new URL;/tgc/professors/professorsbytopic.aspx?id=E;/about-us/professors
Redirect legacy URL to a new URL;/tgc/professors/professorsbytopic.aspx?id=F;/about-us/professors
Redirect legacy URL to a new URL;/tgc/professors/professorsbytopic.aspx?id=G;/about-us/professors
Redirect legacy URL to a new URL;/tgc/professors/professorsbytopic.aspx?id=H;/about-us/professors
Redirect legacy URL to a new URL;/tgc/professors/professorsbytopic.aspx?id=I;/about-us/professors
Redirect legacy URL to a new URL;/tgc/professors/professorsbytopic.aspx?id=J;/about-us/professors
Redirect legacy URL to a new URL;/tgc/professors/professorsbytopic.aspx?id=K;/about-us/professors
Redirect legacy URL to a new URL;/tgc/professors/professorsbytopic.aspx?id=L;/about-us/professors
Redirect legacy URL to a new URL;/tgc/professors/professorsbytopic.aspx?id=M;/about-us/professors
Redirect legacy URL to a new URL;/tgc/professors/professorsbytopic.aspx?id=N;/about-us/professors
Redirect legacy URL to a new URL;/tgc/professors/professorsbytopic.aspx?id=O;/about-us/professors
Redirect legacy URL to a new URL;/tgc/professors/professorsbytopic.aspx?id=P;/about-us/professors
Redirect legacy URL to a new URL;/tgc/professors/professorsbytopic.aspx?id=Q;/about-us/professors
Redirect legacy URL to a new URL;/tgc/professors/professorsbytopic.aspx?id=R;/about-us/professors
Redirect legacy URL to a new URL;/tgc/professors/professorsbytopic.aspx?id=S;/about-us/professors
Redirect legacy URL to a new URL;/tgc/professors/professorsbytopic.aspx?id=T;/about-us/professors
Redirect legacy URL to a new URL;/tgc/professors/professorsbytopic.aspx?id=U;/about-us/professors
Redirect legacy URL to a new URL;/tgc/professors/professorsbytopic.aspx?id=V;/about-us/professors
Redirect legacy URL to a new URL;/tgc/professors/professorsbytopic.aspx?id=W;/about-us/professors
Redirect legacy URL to a new URL;/tgc/professors/professorsbytopic.aspx?id=X;/about-us/professors
Redirect legacy URL to a new URL;/tgc/professors/professorsbytopic.aspx?id=Y;/about-us/professors
Redirect legacy URL to a new URL;/tgc/professors/professorsbytopic.aspx?id=Z;/about-us/professors
Redirect legacy URL to a new URL;/tgc/professors/professorsbytopic.aspx?ps=901;/about-us/professors
Redirect legacy URL to a new URL;/tgc/professors/professorsbytopic.aspx?ps=902;/about-us/professors
Redirect legacy URL to a new URL;/tgc/professors/professorsbytopic.aspx?ps=904;/about-us/professors
Redirect legacy URL to a new URL;/tgc/professors/professorsbytopic.aspx?ps=905;/about-us/professors
Redirect legacy URL to a new URL;/tgc/professors/professorsbytopic.aspx?ps=907;/about-us/professors
Redirect legacy URL to a new URL;/tgc/professors/professorsbytopic.aspx?ps=909;/about-us/professors
Redirect legacy URL to a new URL;/tgc/professors/professorsbytopic.aspx?ps=910;/about-us/professors
Redirect legacy URL to a new URL;/tgc/professors/professorsbytopic.aspx?ps=914;/about-us/professors
Redirect legacy URL to a new URL;/tgc/professors/professorsbytopic.aspx?ps=915;/about-us/professors
Redirect legacy URL to a new URL;/tgc/professors/professorsbytopic.aspx?ps=918;/about-us/professors
Redirect legacy URL to a new URL;/tgc/professors/professorsbytopic.aspx?ps=926;/about-us/professors
Redirect legacy URL to a new URL;/tgc/professors/professorsbytopic.aspx?ps=927;/about-us/professors
Redirect legacy URL to a new URL;/tgc/special/AffiliateProgram.aspx;/affiliate